"FilePath","FileName","Module","TotalFunctions","StubCount","Stubs","DivergenceOnStubs","HasDivergenceIssue"
"C:\Users\danpo\Desktop\rvs\src\Core\Src\Core.cpp","Core.cpp","Core","15","4","DumpAllocs; Exit; Heap; HeapCheck","","NO"
"C:\Users\danpo\Desktop\rvs\src\Core\Src\UnArc.cpp","UnArc.cpp","Core","4","1","FArchive","","NO"
"C:\Users\danpo\Desktop\rvs\src\Core\Src\UnBits.cpp","UnBits.cpp","Core","23","0","","","NO"
"C:\Users\danpo\Desktop\rvs\src\Core\Src\UnCache.cpp","UnCache.cpp","Core","11","0","","","NO"
"C:\Users\danpo\Desktop\rvs\src\Core\Src\UnClass.cpp","UnClass.cpp","Core","36","3","UField; UField::Bind; UField::GetPropertiesSize","","NO"
"C:\Users\danpo\Desktop\rvs\src\Core\Src\UnCorObj.cpp","UnCorObj.cpp","Core","11","0","","","NO"
"C:\Users\danpo\Desktop\rvs\src\Core\Src\UnExport.cpp","UnExport.cpp","Core","14","0","","","NO"
"C:\Users\danpo\Desktop\rvs\src\Core\Src\UnFile.cpp","UnFile.cpp","Core","147","0","","","NO"
"C:\Users\danpo\Desktop\rvs\src\Core\Src\UnLinker.cpp","UnLinker.cpp","Core","33","0","","","NO"
"C:\Users\danpo\Desktop\rvs\src\Core\Src\UnLog.cpp","UnLog.cpp","Core","12","2","FFrame::Serialize; FNullOutError::Serialize","","NO"
"C:\Users\danpo\Desktop\rvs\src\Core\Src\UnMath.cpp","UnMath.cpp","Core","66","0","","","NO"
"C:\Users\danpo\Desktop\rvs\src\Core\Src\UnMem.cpp","UnMem.cpp","Core","12","0","","","NO"
"C:\Users\danpo\Desktop\rvs\src\Core\Src\UnName.cpp","UnName.cpp","Core","7","0","","","NO"
"C:\Users\danpo\Desktop\rvs\src\Core\Src\UnNet.cpp","UnNet.cpp","Core","13","0","","","NO"
"C:\Users\danpo\Desktop\rvs\src\Core\Src\UnObj.cpp","UnObj.cpp","Core","135","20","UObject::AddRef; UObject::CacheDrivers; UObject::CheckDanglingOuter; UObject::CheckDanglingRefs; UObject::FindArrayProperty; UObject::FindBoolProperty; UObject::FindFloatProperty; UObject::FindFNameProperty; UObject::FindIntProperty; UObject::FindObjectProperty; UObject::FindStructProperty; UObject::IsInState; UObject::IsPendingDelete; UObject::IsPendingKill; UObject::NetDirty; UObject::ProcessRemoteFunction; UObject::ProcessState; UObject::Release; UObject::ShutdownAfterError; UObject::StaticConstructor","UObject::CacheDrivers; UObject::IsPendingKill","YES"
"C:\Users\danpo\Desktop\rvs\src\Core\Src\UnProp.cpp","UnProp.cpp","Core","184","16","UArrayProperty::CleanupDestroyed; UFixedArrayProperty::AddCppProperty; UFixedArrayProperty::CleanupDestroyed; UFixedArrayProperty::ExportCppItem; UMapProperty::CopySingleValue; UMapProperty::DestroyValue; UMapProperty::ExportCppItem; UMapProperty::SerializeItem; UObjectProperty::CleanupDestroyed; UProperty; UProperty::CleanupDestroyed; UProperty::DestroyValue; UProperty::ExportCppItem; UProperty::ExportCppItem; UProperty::SerializeItem; UStructProperty::CleanupDestroyed","UProperty::DestroyValue","YES"
"C:\Users\danpo\Desktop\rvs\src\Core\Src\UnRange.cpp","UnRange.cpp","Core","19","0","","","NO"
"C:\Users\danpo\Desktop\rvs\src\Core\Src\UnScript.cpp","UnScript.cpp","Core","329","0","","","NO"
"C:\Users\danpo\Desktop\rvs\src\Core\Src\UnStream.cpp","UnStream.cpp","Core","20","1","if","if","YES"
"C:\Users\danpo\Desktop\rvs\src\D3DDrv\Src\D3DDrv.cpp","D3DDrv.cpp","D3DDrv","34","4","UD3DRenderDevice::HandleFullScreenEffects; UD3DRenderDevice::SetEmulationMode; UD3DRenderDevice::StartVideo; UD3DRenderDevice::StaticConstructor","","NO"
"C:\Users\danpo\Desktop\rvs\src\DareAudio\Src\DareAudio.cpp","DareAudio.cpp","DareAudio","74","9","UAudioSubsystem; UDareAudioSubsystem::GetActorMultiLayer; UDareAudioSubsystem::GetActorRollOff; UDareAudioSubsystem::GetActorSwitch; UDareAudioSubsystem::PostEditChange; UDareAudioSubsystem::SND_SetSoundOptions; UDareAudioSubsystem::StaticConstructor; UDareAudioSubsystem::UnregisterSound; UDareAudioSubsystem::UpdateAmbientSounds","","NO"
"C:\Users\danpo\Desktop\rvs\src\Engine\Src\Engine.cpp","Engine.cpp","Engine","46","23","UGameEngine::Browse; UGameEngine::CancelPending; UGameEngine::Click; UGameEngine::Draw; UGameEngine::Exit; UGameEngine::FixUpLevel; UGameEngine::Init; UGameEngine::LoadMap; UGameEngine::MouseDelta; UGameEngine::MousePosition; UGameEngine::MouseWheel; UGameEngine::NotifyLevelChange; UGameEngine::PaintProgress; UGameEngine::SaveGame; UGameEngine::SetClientTravel; UGameEngine::SetProgress; UGameEngine::Tick; UGameEngine::UnClick; UGameEngine::UpdateConnectingMessage; UPrimitive::Illuminate; UPrimitive::LineCheck; UPrimitive::PointCheck; UPrimitive::UseCylinderCollision","","NO"
"C:\Users\danpo\Desktop\rvs\src\Engine\Src\EngineAux.cpp","EngineAux.cpp","Engine","10","5","KAggregateGeomInstance; KarmaTriListDataInit; KModelToHulls; KTermGameKarma; KUpdateMassProps","","NO"
"C:\Users\danpo\Desktop\rvs\src\Engine\Src\EngineClassImpl.cpp","EngineClassImpl.cpp","Engine","77","6","AReplicationInfo::ChangeDrawingSurface; AReplicationInfo::OpenVideo; AReplicationInfo::StartVideo; AReplicationInfo::StaticConstructor; AReplicationInfo::StopVideo; pb_Export","","NO"
"C:\Users\danpo\Desktop\rvs\src\Engine\Src\EngineEvents.cpp","EngineEvents.cpp","Engine","214","0","","","NO"
"C:\Users\danpo\Desktop\rvs\src\Engine\Src\EngineLinkerShims.cpp","EngineLinkerShims.cpp","Engine","1","1","dummy_stub_func","","NO"
"C:\Users\danpo\Desktop\rvs\src\Engine\Src\KarmaSupport.cpp","KarmaSupport.cpp","Engine","18","12","AKConeLimit::KUpdateConstraintParams; AKConstraint::KUpdateConstraintParams; AKConstraint::physKarma; AKConstraint::PostEditChange; AKConstraint::PostEditMove; AKConstraint::postKarmaStep; AKConstraint::preKarmaStep; AKConstraint::RenderEditorSelected; AKHinge::KUpdateConstraintParams; AKHinge::preKarmaStep; UKarmaParams::PostEditChange; UKMeshProps::Draw","UKMeshProps::Draw","YES"
"C:\Users\danpo\Desktop\rvs\src\Engine\Src\NullDrv.cpp","NullDrv.cpp","Engine","27","25","UNullRenderDevice::Exec; UNullRenderDevice::Exit; UNullRenderDevice::Flush; UNullRenderDevice::FlushResource; UNullRenderDevice::GetRenderCaps; UNullRenderDevice::Lock; UNullRenderDevice::Present; UNullRenderDevice::ReadPixels; UNullRenderDevice::RestoreGamma; UNullRenderDevice::SetEmulationMode; UNullRenderDevice::SetRes; UNullRenderDevice::StaticConstructor; UNullRenderDevice::Unlock; UNullRenderDevice::UpdateGamma; URenderDevice::ChangeDrawingSurface; URenderDevice::CloseVideo; URenderDevice::DisplayVideo; URenderDevice::Draw3DLine; URenderDevice::GetAvailableResolutions; URenderDevice::GetAvailableVideoMemory; URenderDevice::HandleFullScreenEffects; URenderDevice::OpenVideo; URenderDevice::StartVideo; URenderDevice::StaticConstructor; URenderDevice::StopVideo","","NO"
"C:\Users\danpo\Desktop\rvs\src\Engine\Src\R6EngineIntegration.cpp","R6EngineIntegration.cpp","Engine","45","29","AR6ActionSpot::RenderEditorInfo; AR6ColBox::EnableCollision; AR6ColBox::GetDestination; AR6DecalGroup::ActivateGroup; AR6DecalGroup::KillDecal; AR6DecalGroup::PostScriptDestroyed; AR6DecalGroup::Spawned; AR6DecalManager::Spawned; AR6EngineWeapon::GetHeartBeatStatus; AR6eviLTesting::eviLTestATS; AR6eviLTesting::evilTestUpdateSystem; AR6TeamStartInfo::TransferFile; AR6WallHit::PostBeginPlay; AR6WallHit::SpawnEffects; AR6WallHit::SpawnSound; UR6AbstractGameManager::ClientLeaveServer; UR6AbstractGameManager::ConnectionInterrupted; UR6AbstractGameManager::GameServiceTick; UR6AbstractGameManager::GetGSCreateUbiServer; UR6AbstractGameManager::InitializeGameService; UR6AbstractGameManager::LaunchListenSrv; UR6AbstractGameManager::SetGSCreateUbiServer; UR6AbstractGameManager::StartJoinServer; UR6AbstractGameManager::StartLogInProcedure; UR6AbstractGameManager::StartPreJoinProcedure; UR6AbstractGameManager::UnInitialize; UR6AbstractPlanningInfo::AddPoint; UR6AbstractPlanningInfo::TransferFile; UR6AbstractTerroristMgr::UR6AbstractTerroristMgr","AR6DecalManager::Spawned","YES"
"C:\Users\danpo\Desktop\rvs\src\Engine\Src\UnActCol.cpp","UnActCol.cpp","Engine","42","10","FCollisionHash::CheckActorLocations; FCollisionHash::CheckActorNotReferenced; FCollisionHash::CheckIsEmpty; FCollisionOctree::CheckActorLocations; FCollisionOctree::CheckActorNotReferenced; FCollisionOctree::Tick; FOctreeNode::ActorOverlapCheck; FOctreeNode::Draw; FOctreeNode::DrawFlaggedActors; FOctreeNode::FilterTest","","NO"
"C:\Users\danpo\Desktop\rvs\src\Engine\Src\UnActor.cpp","UnActor.cpp","Engine","329","46","AActor::AddMyMarker; AActor::AttachProjector; AActor::BoundProjectileVelocity; AActor::CheckForErrors; AActor::DbgVectorAdd; AActor::DbgVectorDraw; AActor::DetachProjector; AActor::GetPawnOrColBoxOwner; AActor::GetPlayerPawn; AActor::GetR6AvailabilityPtr; AActor::IsRelevantToPawnHeartBeat; AActor::IsRelevantToPawnHeatVision; AActor::IsRelevantToPawnRadar; AActor::KFreezeRagdoll; AActor::KMP2DynKarmaInterface; AActor::physKarma_internal; AActor::physKarmaRagDoll_internal; AActor::PlayerControlled; AActor::PostBeginPlay; AActor::PostEditLoad; AActor::PostEditMove; AActor::postKarmaStep; AActor::postKarmaStep_skeletal; AActor::PostNetReceive; AActor::PostNetReceiveLocation; AActor::PostPath; AActor::PostRaytrace; AActor::PostScriptDestroyed; AActor::preKarmaStep; AActor::preKarmaStep_skeletal; AActor::PreNetReceive; AActor::PrePath; AActor::PreRaytrace; AActor::ProcessDemoRecFunction; AActor::RenderEditorInfo; AActor::RenderEditorSelected; AActor::SaveServerOptions; AActor::SetGameType; AActor::SetVolumes; AActor::SetVolumes; AActor::Spawned; AActor::TestCanSeeMe; AActor::TickSpecial; AActor::UpdateColBox; AActor::UpdateRenderData; ABrush::CopyPosRotScaleFrom","AActor::KFreezeRagdoll; AActor::physKarma_internal; AActor::UpdateRenderData","YES"
"C:\Users\danpo\Desktop\rvs\src\Engine\Src\UnAudio.cpp","UnAudio.cpp","Engine","18","1","FSoundData::Load","","NO"
"C:\Users\danpo\Desktop\rvs\src\Engine\Src\UnCamera.cpp","UnCamera.cpp","Engine","70","33","ACamera::RenderEditorInfo; ACamera::RenderEditorSelected; ECLipSynchData::ECLipSynchData; ECLipSynchData::ECLipSynchData; FMatineeTools::FMatineeTools; FPathBuilder::createPaths; FPathBuilder::Pass2From; FPathBuilder::TestWalk; FRebuildTools::FRebuildTools; UCameraEffect::PostRender; UCameraEffect::PreRender; UCameraOverlay::PostRender; UMotionBlur::PostRender; UMotionBlur::PreRender; UViewport::Exec; UViewport::ExecMacro; UViewport::ExecProfile; UViewport::ExecuteHits; UViewport::GetServer; UViewport::InitInput; UViewport::IsWire; UViewport::Lock; UViewport::LockOnActor; UViewport::PopHit; UViewport::Present; UViewport::PushHit; UViewport::ReadInput; UViewport::RefreshAll; UViewport::ScreenShot; UViewport::Serialize; UViewport::SetDrag; UViewport::TryRenderDevice; UViewport::Unlock","","NO"
"C:\Users\danpo\Desktop\rvs\src\Engine\Src\UnCanvas.cpp","UnCanvas.cpp","Engine","32","9","FCanvasUtil::DrawLine; FCanvasUtil::DrawPoint; FCanvasUtil::DrawTile; FCanvasUtil::DrawTileRotated; FCanvasUtil::Flush; FCanvasUtil::GetRawStreamData; UCanvas::DrawTile; UCanvas::Exec; UCanvas::WrappedPrint","","NO"
"C:\Users\danpo\Desktop\rvs\src\Engine\Src\UnChan.cpp","UnChan.cpp","Engine","45","17","UActorChannel::ReceivedBunch; UActorChannel::ReplicateActor; UActorChannel::SetChannelActor; UChannel::Close; UChannel::ReceivedAcks; UChannel::ReceivedBunch; UChannel::ReceivedRawBunch; UChannel::ReceivedSequencedBunch; UChannel::RouteDestroy; UChannel::SendBunch; UChannel::Serialize; UChannel::StaticConstructor; UChannel::Tick; UControlChannel::ReceivedBunch; UControlChannel::Serialize; UFileChannel::ReceivedBunch; UFileChannel::Tick","UActorChannel::ReceivedBunch; UActorChannel::SetChannelActor","YES"
"C:\Users\danpo\Desktop\rvs\src\Engine\Src\UnConn.cpp","UnConn.cpp","Engine","29","12","UClient::Destroy; UClient::Flush; UClient::PostEditChange; UClient::RestoreGamma; UClient::Serialize; UClient::StaticConstructor; UClient::UpdateGamma; UClient::UpdateGraphicOptions; UDemoRecConnection::HandleClientPlayer; UDemoRecConnection::StaticConstructor; UPackageMapLevel::UPackageMapLevel; UPlayer::Destroy","","NO"
"C:\Users\danpo\Desktop\rvs\src\Engine\Src\UnDownload.cpp","UnDownload.cpp","Engine","23","5","UBinaryFileDownload::DownloadError; UBinaryFileDownload::ReceiveFile; UBinaryFileDownload::Tick; UBinaryFileDownload::TrySkipFile; UDownload::Tick","","NO"
"C:\Users\danpo\Desktop\rvs\src\Engine\Src\UnEffects.cpp","UnEffects.cpp","Engine","7","0","","","NO"
"C:\Users\danpo\Desktop\rvs\src\Engine\Src\UnEmitter.cpp","UnEmitter.cpp","Engine","45","17","AEmitter::Initialize; AEmitter::Render; AEmitter::RenderEditorInfo; UBeamEmitter::Initialize; UBeamEmitter::Scale; UBeamEmitter::SpawnParticle; UBeamEmitter::UpdateActorHitList; UMeshEmitter::Initialize; UParticleEmitter::HandleActorForce; UParticleEmitter::Initialize; UParticleEmitter::Scale; UParticleEmitter::SpawnIndividualParticles; UParticleEmitter::SpawnParticle; USparkEmitter::Initialize; USparkEmitter::SpawnParticle; USpriteEmitter::FillVertexBuffer; USpriteEmitter::Initialize","USpriteEmitter::FillVertexBuffer","YES"
"C:\Users\danpo\Desktop\rvs\src\Engine\Src\UnFluidSurface.cpp","UnFluidSurface.cpp","Engine","33","10","AFluidSurfaceInfo::FillVertexBuffer; AFluidSurfaceInfo::GetPrimitive; AFluidSurfaceInfo::Init; AFluidSurfaceInfo::Pling; AFluidSurfaceInfo::PlingVertex; AFluidSurfaceInfo::PostEditMove; AFluidSurfaceInfo::RebuildClampedBitmap; AFluidSurfaceInfo::Render; AFluidSurfaceInfo::Spawned; AFluidSurfaceInfo::UpdateSimulation","AFluidSurfaceInfo::FillVertexBuffer; AFluidSurfaceInfo::RebuildClampedBitmap; AFluidSurfaceInfo::Render","YES"
"C:\Users\danpo\Desktop\rvs\src\Engine\Src\UnFont.cpp","UnFont.cpp","Engine","3","1","if","if","YES"
"C:\Users\danpo\Desktop\rvs\src\Engine\Src\UnFPoly.cpp","UnFPoly.cpp","Engine","25","0","","","NO"
"C:\Users\danpo\Desktop\rvs\src\Engine\Src\UnGame.cpp","UnGame.cpp","Engine","37","25","AGameInfo::AbortScoreSubmission; AGameInfo::InitGameInfoGameService; AGameInfo::MasterServerManager; AGameInfo::ProcessR6Availabilty; AHUD::DrawInGameMap; AHUD::DrawRadar; AHUD::DrawSpecificModeInfo; UEngine::CacheArmPatch; UEngine::ExecServerProf; UEngine::LoadRandomMenuBackgroundImage; UEngine::ReplaceTexture; UGameEngine::BuildServerMasterMap; UGameEngine::DisplayGameVideo; UGameEngine::InitializeMissionDescription; UGameEngine::LoadBackgroundImage; UGameEngine::PostRenderFullScreenEffects; UGameEngine::ReplaceTexture; UInteractionMaster::DisplayCopyright; UInteractionMaster::Exec; UInteractionMaster::MasterProcessKeyEvent; UInteractionMaster::MasterProcessKeyType; UInteractionMaster::MasterProcessMessage; UInteractionMaster::MasterProcessPostRender; UInteractionMaster::MasterProcessPreRender; UInteractionMaster::MasterProcessTick","UGameEngine::DisplayGameVideo; UGameEngine::InitializeMissionDescription","YES"
"C:\Users\danpo\Desktop\rvs\src\Engine\Src\UnIn.cpp","UnIn.cpp","Engine","26","13","UInput::DirectAxis; UInput::Exec; UInput::ExecInputCommands; UInput::FindAxisName; UInput::FindButtonName; UInput::GetKey; UInput::Init; UInput::ReadInput; UInput::ResetInput; UInput::SetKey; UInput::StaticConstructor; UInput::StaticInitInput; UInputPlanning::StaticInitInput","","NO"
"C:\Users\danpo\Desktop\rvs\src\Engine\Src\UnLevAct.cpp","UnLevAct.cpp","Engine","1","0","","","NO"
"C:\Users\danpo\Desktop\rvs\src\Engine\Src\UnLevel.cpp","UnLevel.cpp","Engine","107","26","AGameReplicationInfo::PostNetReceive; ALevelInfo::CallLogThisActor; ALevelInfo::CheckForErrors; ALevelInfo::PostNetReceive; ALevelInfo::PreNetReceive; ALevelInfo::SetVolumes; ALevelInfo::SetVolumes; APlayerReplicationInfo::PostNetReceive; AReplicationInfo::DisplayVideo; AReplicationInfo::Draw3DLine; AReplicationInfo::GetAvailableResolutions; AReplicationInfo::GetAvailableVideoMemory; AReplicationInfo::HandleFullScreenEffects; ULevel::CheckEncroachment; ULevel::CheckSlice; ULevel::Exec; ULevel::MoveActorFirstBlocking; ULevel::MultiLineCheck; ULevel::MultiPointCheck; ULevel::NotifyReceivedText; ULevel::ServerTickClient; ULevel::SpawnPlayActor; ULevel::SpawnViewActor; ULevel::Tick; ULevel::TickNetServer; ULevel::ToFloor","ULevel::NotifyReceivedText","YES"
"C:\Users\danpo\Desktop\rvs\src\Engine\Src\UnMaterial.cpp","UnMaterial.cpp","Engine","50","6","UCombiner::IsTransparent; UCombiner::RequiresSorting; UMaterial::IsTransparent; UMaterial::MaterialUSize; UMaterial::MaterialVSize; UMaterial::RequiresSorting","","NO"
"C:\Users\danpo\Desktop\rvs\src\Engine\Src\UnMesh.cpp","UnMesh.cpp","Engine","40","4","ULodMesh::MemFootprint; USkeletalMesh::NormalizeInfluences; USkeletalMesh::ReconstructRawMesh; USkeletalMesh::SetAttachmentLocation","USkeletalMesh::NormalizeInfluences","YES"
"C:\Users\danpo\Desktop\rvs\src\Engine\Src\UnMeshInstance.cpp","UnMeshInstance.cpp","Engine","166","40","ULodMeshInstance::GetFrame; ULodMeshInstance::GetMeshVerts; UMeshInstance::AnimForcePose; UMeshInstance::AnimGetNotifyCount; UMeshInstance::AnimIsInGroup; UMeshInstance::AnimStopLooping; UMeshInstance::ClearChannel; UMeshInstance::FreezeAnimAt; UMeshInstance::GetAnimCount; UMeshInstance::GetFrame; UMeshInstance::GetStatus; UMeshInstance::IsAnimating; UMeshInstance::IsAnimLooping; UMeshInstance::IsAnimPastLastFrame; UMeshInstance::IsAnimTweening; UMeshInstance::MeshBuildBounds; UMeshInstance::PlayAnim; UMeshInstance::Render; UMeshInstance::SetActor; UMeshInstance::SetAnimFrame; UMeshInstance::SetMesh; UMeshInstance::SetScale; UMeshInstance::SetStatus; UMeshInstance::StopAnimating; UMeshInstance::UpdateAnimation; USkeletalMeshInstance::AnimIsInGroup; USkeletalMeshInstance::BuildPivotsList; USkeletalMeshInstance::DrawCollisionCylinders; USkeletalMeshInstance::GetFrame; USkeletalMeshInstance::GetMeshVerts; USkeletalMeshInstance::MeshBuildBounds; USkeletalMeshInstance::MeshSkinVertsCallback; USkeletalMeshInstance::Render; USkeletalMeshInstance::TraceHeadHit; UVertMeshInstance::AnimIsInGroup; UVertMeshInstance::GetFrame; UVertMeshInstance::GetMeshVerts; UVertMeshInstance::MeshBuildBounds; UVertMeshInstance::Render; UVertMeshInstance::Serialize","USkeletalMeshInstance::GetMeshVerts; USkeletalMeshInstance::MeshSkinVertsCallback; USkeletalMeshInstance::Render; UVertMeshInstance::Render; UVertMeshInstance::Serialize","YES"
"C:\Users\danpo\Desktop\rvs\src\Engine\Src\UnModel.cpp","UnModel.cpp","Engine","32","22","UModel::AttachProjector; UModel::BuildBound; UModel::BuildRenderData; UModel::ClearRenderData; UModel::CompressLightmaps; UModel::ConvexVolumeMultiCheck; UModel::EmptyModel; UModel::FastLineCheck; UModel::Illuminate; UModel::LineCheck; UModel::Modify; UModel::ModifyAllSurfs; UModel::ModifySelectedSurfs; UModel::ModifySurf; UModel::PointCheck; UModel::PotentiallyVisible; UModel::PrecomputeSphereFilter; UModel::R6LineCheck; UModel::Render; UModel::ShrinkModel; UModel::Transform; UModel::UseCylinderCollision","UModel::AttachProjector; UModel::Render","YES"
"C:\Users\danpo\Desktop\rvs\src\Engine\Src\UnMover.cpp","UnMover.cpp","Engine","24","1","AMover::AddMyMarker","","NO"
"C:\Users\danpo\Desktop\rvs\src\Engine\Src\UnNavigation.cpp","UnNavigation.cpp","Engine","85","18","ALadderVolume::AddMyMarker; ANavigationPoint::addReachSpecs; ANavigationPoint::CanReach; ANavigationPoint::CheckSymmetry; ANavigationPoint::FindAlternatePath; ANavigationPoint::FindBase; ANavigationPoint::InitForPathFinding; ANavigationPoint::IsIdentifiedAs; ANavigationPoint::PostaddReachSpecs; ANavigationPoint::PostEditMove; ANavigationPoint::ProscribedPathTo; ANavigationPoint::PrunePaths; ANavigationPoint::ReviewPath; ANavigationPoint::SetupForcedPath; ANavigationPoint::SetVolumes; AScout::findStart; AScout::HurtByVolume; FPathBuilder::buildPaths","","NO"
"C:\Users\danpo\Desktop\rvs\src\Engine\Src\UnNetDrv.cpp","UnNetDrv.cpp","Engine","45","21","UDemoRecDriver::Exec; UDemoRecDriver::InitConnect; UDemoRecDriver::InitListen; UDemoRecDriver::SpawnDemoRecSpectator; UDemoRecDriver::StaticConstructor; UDemoRecDriver::TickDispatch; UNetConnection::Exec; UNetConnection::FlushNet; UNetConnection::HandleClientPlayer; UNetConnection::ReadInput; UNetConnection::ReceivedPacket; UNetConnection::ReceivedRawPacket; UNetConnection::ReceiveFile; UNetConnection::SendPackageMap; UNetConnection::SendRawBunch; UNetConnection::SlowAssertValid; UNetConnection::Tick; UNetDriver::AssertValid; UNetDriver::Exec; UNetDriver::LowLevelDestroy; UNetDriver::StaticConstructor","","NO"
"C:\Users\danpo\Desktop\rvs\src\Engine\Src\UnPawn.cpp","UnPawn.cpp","Engine","175","31","AController::AcceptNearbyPath; AController::AdjustFromWall; AController::CanHear; AController::CanHearSound; AController::FindPath; AController::GetTeamManager; AController::LocalPlayerController; AController::SetAdjustLocation; AController::SetPath; AController::SetRouteCache; AController::ShowSelf; APawn::CanCrouchWalk; APawn::CanProneWalk; APawn::findNewFloor; APawn::flyReachable; APawn::physFlying; APawn::physicsRotation; APawn::physSpider; APawn::physSwimming; APawn::physWalking; APawn::Pick3DWallAdjust; APawn::PickWallAdjust; APawn::pointReachable; APawn::R6LineOfSightTo; APawn::R6SeePawn; APawn::rotateToward; APawn::SpiderstepUp; APawn::startSwimming; APawn::swimReachable; APawn::UpdateMovementAnimation; APawn::walkReachable","AController::CanHearSound; APawn::rotateToward","YES"
"C:\Users\danpo\Desktop\rvs\src\Engine\Src\UnPhysic.cpp","UnPhysic.cpp","Engine","11","3","AVolume::SetVolumes; AVolume::SetVolumes; AZoneInfo::PostEditChange","","NO"
"C:\Users\danpo\Desktop\rvs\src\Engine\Src\UnPlayerController.cpp","UnPlayerController.cpp","Engine","12","0","","","NO"
"C:\Users\danpo\Desktop\rvs\src\Engine\Src\UnProjector.cpp","UnProjector.cpp","Engine","20","3","AProjector::CalcMatrix; AProjector::PostEditLoad; AProjector::PostEditMove","AProjector::CalcMatrix","YES"
"C:\Users\danpo\Desktop\rvs\src\Engine\Src\UnRender.cpp","UnRender.cpp","Engine","79","20","AVIStart; AVIStop; AVITakeShot; DrawSprite; DrawSprite; FActorSceneNode::Render; FCameraSceneNode::Render; FCameraSceneNode::UpdateMatrices; FHitObserver::Click; FLightMapSceneNode::Render; UVertexStreamBase; UVertexStreamBase; UVertexStreamBase; UVertexStreamBase; UVertexStreamBase; UVertexStreamBase; UVertexStreamBase; UVertexStreamBase; UVertexStreamBase; UVertexStreamBase","","NO"
"C:\Users\danpo\Desktop\rvs\src\Engine\Src\UnRenderUtil.cpp","UnRenderUtil.cpp","Engine","138","13","FDynamicActor::Render; FLevelSceneNode::Render; FLightMap::GetCacheId; FLightMap::GetFirstMip; FLightMap::GetTextureData; FLightMapTexture::GetFirstMip; FLineBatcher::DrawConvexVolume; FLineBatcher::DrawCylinder; FLineBatcher::DrawSphere; FLineBatcher::Flush; FStaticLightMapTexture::GetTextureData; FStaticTexture::GetTextureData; UConvexVolume::Serialize","","NO"
"C:\Users\danpo\Desktop\rvs\src\Engine\Src\UnSceneManager.cpp","UnSceneManager.cpp","Engine","67","13","AReplicationInfo::CloseVideo; ASceneManager::PostBeginPlay; ASceneManager::SetSceneStartTime; ECLipSynchData::m_vStopLipsynch; ECLipSynchData::m_vUpdateBonesCompressed; ECLipSynchData::m_vUpdateBonesCompressed_BoneView; ECLipSynchData::m_vUpdateBonesCompressed_PhonemsSeq; ECLipSynchData::m_vUpdateLipSynch; FMatineeTools::GetSamples; FMatineeTools::Init; FR6MatineePreviewProxy::OnEndSequenceNotify; FR6MatineePreviewProxy::OnScrollBarUpdate; UMatSubAction::PreBeginPreview","ASceneManager::SetSceneStartTime","YES"
"C:\Users\danpo\Desktop\rvs\src\Engine\Src\UnScript.cpp","UnScript.cpp","Engine","11","4","UAnimation::Serialize; UAnimNotify_Effect::Notify; UAnimNotify_MatSubAction::Notify; UAnimNotify::Notify","UAnimNotify::Notify","YES"
"C:\Users\danpo\Desktop\rvs\src\Engine\Src\UnStatGraph.cpp","UnStatGraph.cpp","Engine","13","11","FEngineStats::Init; FStatGraph::AddDataPoint; FStatGraph::AddLine; FStatGraph::AddLineAutoRange; FStatGraph::Exec; FStatGraph::FStatGraph; FStatGraph::Render; FStatGraph::Reset; FStats::CalcMovingAverage; FStats::Render; FStats::UpdateString","","NO"
"C:\Users\danpo\Desktop\rvs\src\Engine\Src\UnStaticMeshActor.cpp","UnStaticMeshActor.cpp","Engine","1","0","","","NO"
"C:\Users\danpo\Desktop\rvs\src\Engine\Src\UnStaticMeshBuild.cpp","UnStaticMeshBuild.cpp","Engine","28","12","FRebuildTools::Delete; FRebuildTools::Init; FRebuildTools::SetCurrent; FRebuildTools::Shutdown; UStaticMesh::Build; UStaticMesh::Illuminate; UStaticMesh::PostEditChange; UStaticMesh::PostLoad; UStaticMesh::StaticConstructor; UStaticMesh::TriangleSphereQuery; UStaticMeshInstance::AttachProjectorClipped; UStaticMeshInstance::DetachProjectorClipped","UStaticMesh::Build; UStaticMesh::Illuminate; UStaticMesh::PostEditChange; UStaticMesh::PostLoad; UStaticMesh::StaticConstructor; UStaticMesh::TriangleSphereQuery; UStaticMeshInstance::AttachProjectorClipped; UStaticMeshInstance::DetachProjectorClipped","YES"
"C:\Users\danpo\Desktop\rvs\src\Engine\Src\UnTeleporter.cpp","UnTeleporter.cpp","Engine","1","0","","","NO"
"C:\Users\danpo\Desktop\rvs\src\Engine\Src\UnTerrain.cpp","UnTerrain.cpp","Engine","85","31","ATerrainInfo::CalcLayerTexCoords; ATerrainInfo::CombineLayerWeights; ATerrainInfo::ConvertHeightmapFormat; ATerrainInfo::MoveVertices; ATerrainInfo::PostLoad; ATerrainInfo::PrecomputeLayerWeights; ATerrainInfo::Render; ATerrainInfo::RenderDecorations; ATerrainInfo::ResetMove; ATerrainInfo::SelectVertex; ATerrainInfo::SelectVerticesInBox; ATerrainInfo::SetLayerAlpha; ATerrainInfo::SetTextureColor; ATerrainInfo::SetupSectors; ATerrainInfo::SoftDeselect; ATerrainInfo::SoftSelect; ATerrainInfo::UpdateDecorations; ATerrainInfo::UpdateFromSelectedVertices; ATerrainInfo::UpdateTriangles; ATerrainInfo::UpdateVertices; FTerrainTools::AdjustAlignedActors; FTerrainTools::FindActorsToAlign; FTerrainTools::Init; UTerrainPrimitive::Illuminate; UTerrainPrimitive::UTerrainPrimitive; UTerrainSector::AttachProjector; UTerrainSector::GenerateTriangles; UTerrainSector::IsTriangleAll; UTerrainSector::PostLoad; UTerrainSector::StaticLight; UTerrainSector::UTerrainSector","ATerrainInfo::RenderDecorations; ATerrainInfo::ResetMove; ATerrainInfo::SelectVertex; ATerrainInfo::SetTextureColor; ATerrainInfo::UpdateFromSelectedVertices","YES"
"C:\Users\danpo\Desktop\rvs\src\Engine\Src\UnTerrainTools.cpp","UnTerrainTools.cpp","Engine","25","20","UTerrainBrush::EndPainting; UTerrainBrush::Execute; UTerrainBrush::MouseButtonDown; UTerrainBrush::MouseButtonUp; UTerrainBrush::MouseMove; UTerrainBrushColor::Execute; UTerrainBrushEdgeTurn::Execute; UTerrainBrushFlatten::Execute; UTerrainBrushNoise::Execute; UTerrainBrushPaint::Execute; UTerrainBrushPlanningPaint::Execute; UTerrainBrushPlanningPaint::MouseButtonDown; UTerrainBrushSelect::Execute; UTerrainBrushSelect::MouseButtonDown; UTerrainBrushSelect::MouseMove; UTerrainBrushSmooth::Execute; UTerrainBrushTexPan::MouseMove; UTerrainBrushTexRotate::MouseMove; UTerrainBrushTexScale::MouseMove; UTerrainBrushVisibility::Execute","","NO"
"C:\Users\danpo\Desktop\rvs\src\Engine\Src\UnTex.cpp","UnTex.cpp","Engine","49","6","FUN_10386790; FUN_103c89f0; UMaterial::ClearFallbacks; UTexture::ArithOp; UTexture::Compress; UTexture::Decompress","FUN_10386790; FUN_103c89f0; UMaterial::ClearFallbacks; UTexture::ArithOp","YES"
"C:\Users\danpo\Desktop\rvs\src\Fire\Src\Fire.cpp","Fire.cpp","Fire","76","4","UFractalTexture::PostEditChange; UFractalTexture::TouchTexture; UIceTexture::Click; UWaveTexture::SetWaveLight","","NO"
"C:\Users\danpo\Desktop\rvs\src\IpDrv\Src\IpDrv.cpp","IpDrv.cpp","IpDrv","75","1","UTcpNetDriver::StaticConstructor","UTcpNetDriver::StaticConstructor","YES"
"C:\Users\danpo\Desktop\rvs\src\Launch\Src\Launch.cpp","Launch.cpp","Launch","36","10","Preferences; R6Reserved10; R6Reserved11; R6Reserved2; R6Reserved3; R6Reserved4; R6Reserved5; R6Reserved7; R6Reserved8; R6Reserved9","","NO"
"C:\Users\danpo\Desktop\rvs\src\R6Abstract\Src\R6AbstractCorpse.cpp","R6AbstractCorpse.cpp","R6Abstract","6","3","AR6AbstractCorpse::AddImpulseToBone; AR6AbstractCorpse::FirstInit; AR6AbstractCorpse::RenderBones","","NO"
"C:\Users\danpo\Desktop\rvs\src\R6Abstract\Src\R6AbstractEviLPatchService.cpp","R6AbstractEviLPatchService.cpp","R6Abstract","1","0","","","NO"
"C:\Users\danpo\Desktop\rvs\src\R6Abstract\Src\R6AbstractExtractionZone.cpp","R6AbstractExtractionZone.cpp","R6Abstract","1","0","","","NO"
"C:\Users\danpo\Desktop\rvs\src\R6Abstract\Src\R6AbstractGadget.cpp","R6AbstractGadget.cpp","R6Abstract","1","0","","","NO"
"C:\Users\danpo\Desktop\rvs\src\R6Abstract\Src\R6AbstractGameService.cpp","R6AbstractGameService.cpp","R6Abstract","38","36","UR6AbstractGameService::CDKeyDisconnecUser; UR6AbstractGameService::Created; UR6AbstractGameService::DisconnectAllCDKeyPlayers; UR6AbstractGameService::GameServiceManager; UR6AbstractGameService::GetGroupID; UR6AbstractGameService::GetGSGameState; UR6AbstractGameService::GetLobbyID; UR6AbstractGameService::GetLoggedInUbiDotCom; UR6AbstractGameService::GetLoginRegServer; UR6AbstractGameService::GetRegServerInitialized; UR6AbstractGameService::GetServerRegistered; UR6AbstractGameService::GSClientPostMessage; UR6AbstractGameService::InitGSCDKey; UR6AbstractGameService::InitGSClient; UR6AbstractGameService::IsMSClientIsInRequest; UR6AbstractGameService::IsServerJoined; UR6AbstractGameService::MasterServerManager; UR6AbstractGameService::MSCLientLeaveServer; UR6AbstractGameService::ProcessIsLobbyDisconnect; UR6AbstractGameService::ProcessIsRouterDisconnect; UR6AbstractGameService::ProcessJoinServer; UR6AbstractGameService::ProcessLoginMasterSrv; UR6AbstractGameService::ProcessUbiComJoinServer; UR6AbstractGameService::RequestGSCDKeyAuthID; UR6AbstractGameService::RequestModCDKeyProcess; UR6AbstractGameService::ResetAuthId; UR6AbstractGameService::ServerRoundFinish; UR6AbstractGameService::ServerRoundStart; UR6AbstractGameService::SetGameServiceRequestState; UR6AbstractGameService::SetGSClientComInterface; UR6AbstractGameService::SetGSGameState; UR6AbstractGameService::SetLoginRegServer; UR6AbstractGameService::SetOwnSvrPort; UR6AbstractGameService::SetRegServerLoginRequest; UR6AbstractGameService::SubmitMatchResult; UR6AbstractGameService::UnInitializeGSClientSPW","","NO"
"C:\Users\danpo\Desktop\rvs\src\R6Abstract\Src\R6AbstractInsertionZone.cpp","R6AbstractInsertionZone.cpp","R6Abstract","1","0","","","NO"
"C:\Users\danpo\Desktop\rvs\src\R6Abstract\Src\R6AbstractNoiseMgr.cpp","R6AbstractNoiseMgr.cpp","R6Abstract","1","0","","","NO"
"C:\Users\danpo\Desktop\rvs\src\R6Abstract\Src\R6AbstractPawn.cpp","R6AbstractPawn.cpp","R6Abstract","1","0","","","NO"
"C:\Users\danpo\Desktop\rvs\src\R6Abstract\Src\R6AbstractWeapon.cpp","R6AbstractWeapon.cpp","R6Abstract","3","0","","","NO"
"C:\Users\danpo\Desktop\rvs\src\R6Engine\Src\R6AIController.cpp","R6AIController.cpp","R6Engine","30","1","AR6AIController::execPollFollowPath","AR6AIController::execPollFollowPath","YES"
"C:\Users\danpo\Desktop\rvs\src\R6Engine\Src\R6Charts.cpp","R6Charts.cpp","R6Engine","3","0","","","NO"
"C:\Users\danpo\Desktop\rvs\src\R6Engine\Src\R6ClimbableObject.cpp","R6ClimbableObject.cpp","R6Engine","4","0","","","NO"
"C:\Users\danpo\Desktop\rvs\src\R6Engine\Src\R6ClimbablePoint.cpp","R6ClimbablePoint.cpp","R6Engine","4","0","","","NO"
"C:\Users\danpo\Desktop\rvs\src\R6Engine\Src\R6CoverSpot.cpp","R6CoverSpot.cpp","R6Engine","1","1","AR6CoverSpot::RenderEditorInfo","","NO"
"C:\Users\danpo\Desktop\rvs\src\R6Engine\Src\R6DeploymentZone.cpp","R6DeploymentZone.cpp","R6Engine","29","5","AR6DeploymentZone::InitHostageAI; AR6DeploymentZone::InitTerroristAI; AR6DeploymentZone::RenderEditorInfo; AR6DeploymentZone::SpawnAHostage; AR6DeploymentZone::SpawnATerrorist","","NO"
"C:\Users\danpo\Desktop\rvs\src\R6Engine\Src\R6Door.cpp","R6Door.cpp","R6Engine","6","1","AR6Door::RenderEditorInfo","","NO"
"C:\Users\danpo\Desktop\rvs\src\R6Engine\Src\R6DZonePath.cpp","R6DZonePath.cpp","R6Engine","11","1","AR6DZonePath::IsPointInZone","","NO"
"C:\Users\danpo\Desktop\rvs\src\R6Engine\Src\R6DZonePathNode.cpp","R6DZonePathNode.cpp","R6Engine","3","0","","","NO"
"C:\Users\danpo\Desktop\rvs\src\R6Engine\Src\R6DZonePoint.cpp","R6DZonePoint.cpp","R6Engine","6","0","","","NO"
"C:\Users\danpo\Desktop\rvs\src\R6Engine\Src\R6DZoneRandomPointNode.cpp","R6DZoneRandomPointNode.cpp","R6Engine","3","0","","","NO"
"C:\Users\danpo\Desktop\rvs\src\R6Engine\Src\R6DZoneRandomPoints.cpp","R6DZoneRandomPoints.cpp","R6Engine","13","1","AR6DZoneRandomPoints::IsPointInZone","","NO"
"C:\Users\danpo\Desktop\rvs\src\R6Engine\Src\R6GameReplicationInfo.cpp","R6GameReplicationInfo.cpp","R6Engine","1","0","","","NO"
"C:\Users\danpo\Desktop\rvs\src\R6Engine\Src\R6HeartBeat.cpp","R6HeartBeat.cpp","R6Engine","4","1","AR6FalseHeartBeat::IsRelevantToPawnHeartBeat","","NO"
"C:\Users\danpo\Desktop\rvs\src\R6Engine\Src\R6Hostage.cpp","R6Hostage.cpp","R6Engine","7","0","","","NO"
"C:\Users\danpo\Desktop\rvs\src\R6Engine\Src\R6InteractiveObject.cpp","R6InteractiveObject.cpp","R6Engine","8","1","AR6InteractiveObject::PostScriptDestroyed","","NO"
"C:\Users\danpo\Desktop\rvs\src\R6Engine\Src\R6IORotatingDoor.cpp","R6IORotatingDoor.cpp","R6Engine","13","1","AR6IORotatingDoor::AddMyMarker","","NO"
"C:\Users\danpo\Desktop\rvs\src\R6Engine\Src\R6LadderVolume.cpp","R6LadderVolume.cpp","R6Engine","3","1","AR6LadderVolume::AddMyMarker","","NO"
"C:\Users\danpo\Desktop\rvs\src\R6Engine\Src\R6Matinee.cpp","R6Matinee.cpp","R6Engine","15","2","FUN_10024530; FUN_10042934","","NO"
"C:\Users\danpo\Desktop\rvs\src\R6Engine\Src\R6MatineeAttach.cpp","R6MatineeAttach.cpp","R6Engine","2","0","","","NO"
"C:\Users\danpo\Desktop\rvs\src\R6Engine\Src\R6MP2IOKarma.cpp","R6MP2IOKarma.cpp","R6Engine","10","2","AMP2IOKarma::CheckForErrors; if","if","YES"
"C:\Users\danpo\Desktop\rvs\src\R6Engine\Src\R6Pawn.cpp","R6Pawn.cpp","R6Engine","141","4","AR6Pawn::HurtByVolume; AR6Pawn::IsRelevantToPawnHeartBeat; AR6Pawn::IsRelevantToPawnHeatVision; if","if","YES"
"C:\Users\danpo\Desktop\rvs\src\R6Engine\Src\R6PlayAnim.cpp","R6PlayAnim.cpp","R6Engine","1","0","","","NO"
"C:\Users\danpo\Desktop\rvs\src\R6Engine\Src\R6PlayerController.cpp","R6PlayerController.cpp","R6Engine","31","3","AR6PlayerController::UpdateCircumstantialAction; AR6PlayerController::UpdateReticule; AR6PlayerController::UpdateSpectatorReticule","AR6PlayerController::UpdateCircumstantialAction; AR6PlayerController::UpdateReticule; AR6PlayerController::UpdateSpectatorReticule","YES"
"C:\Users\danpo\Desktop\rvs\src\R6Engine\Src\R6RagDoll.cpp","R6RagDoll.cpp","R6Engine","14","1","AR6RagDoll::RenderBones","AR6RagDoll::RenderBones","YES"
"C:\Users\danpo\Desktop\rvs\src\R6Engine\Src\R6Rainbow.cpp","R6Rainbow.cpp","R6Engine","1","0","","","NO"
"C:\Users\danpo\Desktop\rvs\src\R6Engine\Src\R6RainbowAI.cpp","R6RainbowAI.cpp","R6Engine","32","0","","","NO"
"C:\Users\danpo\Desktop\rvs\src\R6Engine\Src\R6RainbowTeam.cpp","R6RainbowTeam.cpp","R6Engine","2","0","","","NO"
"C:\Users\danpo\Desktop\rvs\src\R6Engine\Src\R6SoundReplicationInfo.cpp","R6SoundReplicationInfo.cpp","R6Engine","9","0","","","NO"
"C:\Users\danpo\Desktop\rvs\src\R6Engine\Src\R6StairOrientation.cpp","R6StairOrientation.cpp","R6Engine","2","0","","","NO"
"C:\Users\danpo\Desktop\rvs\src\R6Engine\Src\R6StairVolume.cpp","R6StairVolume.cpp","R6Engine","5","1","AR6StairVolume::AddMyMarker","","NO"
"C:\Users\danpo\Desktop\rvs\src\R6Engine\Src\R6SubActionLookAt.cpp","R6SubActionLookAt.cpp","R6Engine","2","0","","","NO"
"C:\Users\danpo\Desktop\rvs\src\R6Engine\Src\R6TeamMemberReplicationInfo.cpp","R6TeamMemberReplicationInfo.cpp","R6Engine","3","0","","","NO"
"C:\Users\danpo\Desktop\rvs\src\R6Engine\Src\R6Terrorist.cpp","R6Terrorist.cpp","R6Engine","7","1","AR6Terrorist::UpdateAiming","","NO"
"C:\Users\danpo\Desktop\rvs\src\R6Engine\Src\R6TerroristAI.cpp","R6TerroristAI.cpp","R6Engine","15","0","","","NO"
"C:\Users\danpo\Desktop\rvs\src\R6Engine\Src\R6TerroristMgr.cpp","R6TerroristMgr.cpp","R6Engine","2","0","","","NO"
"C:\Users\danpo\Desktop\rvs\src\R6Game\Src\R6ActionPoint.cpp","R6ActionPoint.cpp","R6Game","2","0","","","NO"
"C:\Users\danpo\Desktop\rvs\src\R6Game\Src\R6FileManagerCampaign.cpp","R6FileManagerCampaign.cpp","R6Game","2","0","","","NO"
"C:\Users\danpo\Desktop\rvs\src\R6Game\Src\R6FileManagerPlanning.cpp","R6FileManagerPlanning.cpp","R6Game","3","0","","","NO"
"C:\Users\danpo\Desktop\rvs\src\R6Game\Src\R6GameInfo.cpp","R6GameInfo.cpp","R6Game","18","0","","","NO"
"C:\Users\danpo\Desktop\rvs\src\R6Game\Src\R6GameManager.cpp","R6GameManager.cpp","R6Game","18","8","UR6GameManager::GameServiceTick; UR6GameManager::GSClientManager; UR6GameManager::InitializeGameService; UR6GameManager::InitializeGSClient; UR6GameManager::LaunchListenSrv; UR6GameManager::MinimizeAndPauseMusic; UR6GameManager::MSClientManager; UR6GameManager::StartJoinServer","","NO"
"C:\Users\danpo\Desktop\rvs\src\R6Game\Src\R6HUD.cpp","R6HUD.cpp","R6Game","11","7","AR6HUD::DisplayOtherTeamInfo; AR6HUD::DrawCharacterInfo; AR6HUD::DrawInGameMap; AR6HUD::DrawRadar; AR6HUD::DrawSingleCharacterInfo; AR6HUD::Spawned; AR6HUD::UpdateHUDColors","","NO"
"C:\Users\danpo\Desktop\rvs\src\R6Game\Src\R6InstructionSoundVolume.cpp","R6InstructionSoundVolume.cpp","R6Game","1","0","","","NO"
"C:\Users\danpo\Desktop\rvs\src\R6Game\Src\R6MissionRoster.cpp","R6MissionRoster.cpp","R6Game","2","0","","","NO"
"C:\Users\danpo\Desktop\rvs\src\R6Game\Src\R6Operative.cpp","R6Operative.cpp","R6Game","1","0","","","NO"
"C:\Users\danpo\Desktop\rvs\src\R6Game\Src\R6Planning.cpp","R6Planning.cpp","R6Game","9","0","","","NO"
"C:\Users\danpo\Desktop\rvs\src\R6Game\Src\R6PlanningCtrl.cpp","R6PlanningCtrl.cpp","R6Game","3","0","","","NO"
"C:\Users\danpo\Desktop\rvs\src\R6GameService\Src\R6EviLPatchService.cpp","R6EviLPatchService.cpp","R6GameService","17","9","FUN_10004b40; FUN_10035870; FUN_100358e0; FUN_10035930; FUN_10035960; FUN_10035ad0; FUN_10035af0; UeviLPatchService::FinalDestroy; UeviLPatchService::StartPatch","","NO"
"C:\Users\danpo\Desktop\rvs\src\R6GameService\Src\R6GSServers.cpp","R6GSServers.cpp","R6GameService","125","70","UR6GSServers::AddPlayerToIDList; UR6GSServers::CancelGSCDKeyActID; UR6GSServers::CancelGSCDKeyAuthID; UR6GSServers::CDKeyDisconnecUser; UR6GSServers::CopyActivationIDInByteArray; UR6GSServers::CreatedCDKey; UR6GSServers::Destroy; UR6GSServers::DisconnectAllCDKeyPlayers; UR6GSServers::EnterCDKey; UR6GSServers::GameServiceManager; UR6GSServers::GSClientPostMessage; UR6GSServers::GSClientUpdateServerInfo; UR6GSServers::Init; UR6GSServers::InitCDKey; UR6GSServers::InitMSClient; UR6GSServers::InitProcessUpdateUbiServer; UR6GSServers::LogGSVersion; UR6GSServers::LogOutServer; UR6GSServers::MasterServerManager; UR6GSServers::MSCLientJoinServer; UR6GSServers::MSClientServerConnected; UR6GSServers::NativeCDKeyPlayerStatusReply; UR6GSServers::PingRequest; UR6GSServers::PollCallbacks; UR6GSServers::PollClientCDKeyCallbacks; UR6GSServers::PollGSClientCallbacks; UR6GSServers::PollMSClientCallbacks; UR6GSServers::PollPingManager; UR6GSServers::PollRegServerCallbacks; UR6GSServers::ProcessAuthIdRequest; UR6GSServers::ProcessInternetSrv; UR6GSServers::ProcessIsLobbyDisconnect; UR6GSServers::ProcessIsRouterDisconnect; UR6GSServers::ProcessJoinServer; UR6GSServers::ProcessJoinServerRequest; UR6GSServers::ProcessLoginMasterSrv; UR6GSServers::ProcessMSClientInitRequest; UR6GSServers::ProcessPC_CDKeyRequest; UR6GSServers::ProcessRegServerGetLobbiesRequest; UR6GSServers::ProcessRegServerLoginRequest; UR6GSServers::ProcessRegServerLoginRouterRequest; UR6GSServers::ProcessRegServerRegOnLobbyRequest; UR6GSServers::ProcessRegServerUpdateRequest; UR6GSServers::ProcessSubmitMatchResultReply; UR6GSServers::ProcessUbiComJoinServer; UR6GSServers::ReceiveValidation; UR6GSServers::RefreshOneServer; UR6GSServers::RefreshServers; UR6GSServers::registerCDKeySDKCallbacks; UR6GSServers::RegisterServer; UR6GSServers::RegServerGetLobbies; UR6GSServers::RegServerRouterLogin; UR6GSServers::RequestActivation; UR6GSServers::RequestAuthorization; UR6GSServers::RequestGSCDKeyActID; UR6GSServers::RequestGSCDKeyAuthID; UR6GSServers::RequestModCDKeyProcess; UR6GSServers::ResetAuthId; UR6GSServers::RouterDisconnect; UR6GSServers::ServerLogin; UR6GSServers::ServerRoundFinish; UR6GSServers::ServerRoundStart; UR6GSServers::SetGameServiceRequestState; UR6GSServers::SetGSGameState; UR6GSServers::SetLoginRegServer; UR6GSServers::SetRegServerLoginRequest; UR6GSServers::SubmitMatchResult; UR6GSServers::UnInitCDKey; UR6GSServers::UnInitRegServer; UR6GSServers::UpdateServer","UR6GSServers::InitCDKey; UR6GSServers::MSCLientJoinServer","YES"
"C:\Users\danpo\Desktop\rvs\src\R6GameService\Src\R6ModGSInfo.cpp","R6ModGSInfo.cpp","R6GameService","2","1","UR6ModGSInfo::InitMODCDKey","","NO"
"C:\Users\danpo\Desktop\rvs\src\R6GameService\Src\R6ServerList.cpp","R6ServerList.cpp","R6GameService","16","4","UR6ServerList::FillSvrContainer; UR6ServerList::InitFavorites; UR6ServerList::ResetSvrContainer; UR6ServerList::SetOwnSvrPort","","NO"
"C:\Users\danpo\Desktop\rvs\src\R6Weapons\Src\R6Bullet.cpp","R6Bullet.cpp","R6Weapons","6","0","","","NO"
"C:\Users\danpo\Desktop\rvs\src\R6Weapons\Src\R6DemolitionsGadget.cpp","R6DemolitionsGadget.cpp","R6Weapons","4","0","","","NO"
"C:\Users\danpo\Desktop\rvs\src\R6Weapons\Src\R6Grenade.cpp","R6Grenade.cpp","R6Weapons","1","0","","","NO"
"C:\Users\danpo\Desktop\rvs\src\R6Weapons\Src\R6HBSGadget.cpp","R6HBSGadget.cpp","R6Weapons","2","0","","","NO"
"C:\Users\danpo\Desktop\rvs\src\R6Weapons\Src\R6Reticule.cpp","R6Reticule.cpp","R6Weapons","1","0","","","NO"
"C:\Users\danpo\Desktop\rvs\src\R6Weapons\Src\R6SmokeCloud.cpp","R6SmokeCloud.cpp","R6Weapons","2","1","AR6SmokeCloud::IsBlockedBy","","NO"
"C:\Users\danpo\Desktop\rvs\src\R6Weapons\Src\R6Weapons.cpp","R6Weapons.cpp","R6Weapons","15","2","AR6Weapons::GetHeartBeatStatus; AR6Weapons::WeaponIsNotFiring","","NO"
"C:\Users\danpo\Desktop\rvs\src\SNDDSound3D\Src\SNDDSound3D.cpp","SNDDSound3D.cpp","SNDDSound3D","343","312","dbgSND_fn_bAddEventToEngineTable; dbgSND_fn_bAddResToEngineTable; dbgSND_fn_bLoadResScriptSnd; dbgSND_fn_bSetResourceStaticVolume; dbgSND_fn_czGetProjectTitle; dbgSND_fn_lGetLoadedBanks; dbgSND_fn_lGetNumberOfBanks; dbgSND_fn_pCreateCoordinateM; dbgSND_fn_pCreateEffectGraphM; dbgSND_fn_pCreateEventM; dbgSND_fn_pCreateMultiLayerElementM; dbgSND_fn_pCreateRandomElementM; dbgSND_fn_pCreateResM; dbgSND_fn_pCreateSequenceElementM; dbgSND_fn_pCreateSwitchElementM; dbgSND_fn_pCreateThemePart; dbgSND_fn_pCreateThemePartOutro; dbgSND_fn_pGetThemeInfos; dbgSND_fn_vAddEventInTSNEditor; dbgSND_fn_vDestroyEventM; dbgSND_fn_vDestroyMultiLayerElementM; dbgSND_fn_vDestroyRandomElementM; dbgSND_fn_vDestroyResM; dbgSND_fn_vDestroySequenceElementM; dbgSND_fn_vDestroySwitchElementM; dbgSND_fn_vDestroyThemePart; dbgSND_fn_vGetAudioFrameBufferSize; dbgSND_fn_vGetInfoForObjectSound; dbgSND_fn_vKillAllObjectTypeSound; dbgSND_fn_vSendRequestSound; DllMain; SND_fn_bAreWavPresent; SND_fn_bCanFreeSubBlockDataSxd; SND_fn_bDesInitDataLoadSnd; SND_fn_bEnableEAX; SND_fn_bEnableEAXSxd; SND_fn_bEnterCriticalSectionForDriverThreadSnd; SND_fn_bFileNameExist; SND_fn_bGetAllEventsId; SND_fn_bGetMasterDirectory; SND_fn_bGetOnePartialDirectory; SND_fn_bGetOptions; SND_fn_bGetSoundEventNameFromEditorId; SND_fn_bGetStereoSound; SND_fn_bGetStereoSxd; SND_fn_bInitDataLoadSnd; SND_fn_bIsDataDirectory; SND_fn_bIsEAXCompatible; SND_fn_bIsEAXCompatibleSxd; SND_fn_bIsProjectLocalised; SND_fn_bIsResourceLoopingSxd; SND_fn_bIsResourceStreamedSxd; SND_fn_bIsScriptModeUsed; SND_fn_bIsSoundRequestPlaying; SND_fn_bLoadBank; SND_fn_bLoadBankSet; SND_fn_bLoadDataInMem; SND_fn_bLoadMap; SND_fn_bLoadResBinarySxd; SND_fn_bLoadResScriptSnd; SND_fn_bLoadResScriptSxd; SND_fn_bLoadSubMap; SND_fn_bSetNextTransitionSxd; SND_fn_bSetParamSxd; SND_fn_bSetParamTransitionSxd; SND_fn_bSetResourceStaticVolumeSxd; SND_fn_bSetSlowMotionFactor; SND_fn_bSetSlowMotionFactorSxd; SND_fn_bStartFadeSxd; SND_fn_bTestIsPlayingSxd; SND_fn_bTestIsPlayingTransitionSxd; SND_fn_bTestSnd_MMX; SND_fn_bTestSnd_Pentium; SND_fn_bTestSnd_Win32; SND_fn_bTestSnd_WinMM; SND_fn_bTestSnd_WinNT4; SND_fn_bTryToEnterCriticalSectionThreadSnd; SND_fn_bUnLoadBank; SND_fn_bUnLoadBankSet; SND_fn_czGetEvtGrpByNameTableName; SND_fn_czGetProjectTitle; SND_fn_eGetDataProjectLoadMode; SND_fn_eGetMainFormatSxd; SND_fn_eGetProjectDataLoadMode; SND_fn_eInitSound; SND_fn_eInitSxd; SND_fn_hGenerateSoundEventPlay; SND_fn_hGenerateSoundEventPlayStream; SND_fn_hGenerateSoundEventStop; SND_fn_hGetHanldeThreadSnd; SND_fn_hGetLastSoundEventOfSoundObjectType; SND_fn_hGetSoundEventHandleFromEditorId; SND_fn_hGetSoundEventHandleFromSectionName; SND_fn_iGetEvtGrpByNameTableSize; SND_fn_iIsEvtGrpLoaded; SND_fn_lAddSoundObjectType; SND_fn_lAddSoundVolumeLine; SND_fn_lCreateBufferSxd; SND_fn_lCreateClientBuffer; SND_fn_lCreateMicroSxd; SND_fn_lCreateSoundMicro; SND_fn_lCreateTimer; SND_fn_lFlushQueueClientBuffer; SND_fn_lGenerateSndTocKey; SND_fn_lGetEventGroupIdFromFileTitle; SND_fn_lGetLatestPlayingSoundRequest; SND_fn_lGetMTTChannelIdFromMTTChannelName; SND_fn_lGetNbVoiceWishedSound; SND_fn_lGetNbVoiceWishedSxd; SND_fn_lGetSifTypeCount; SND_fn_lGetSifTypeId; SND_fn_lGetSifTypeIdArray; SND_fn_lGetSifTypeName; SND_fn_lGetSifValueCount; SND_fn_lGetSifValueId; SND_fn_lGetSifValueIdArray; SND_fn_lGetSifValueName; SND_fn_lPlaySxd; SND_fn_lPlayTransitionExSxd; SND_fn_lQueueDataBufferSxd; SND_fn_lQueueDataClientBuffer; SND_fn_lQueueResetBufferSxd; SND_fn_lQueueResetClientBuffer; SND_fn_lSendSoundRequest; SND_fn_lSendSoundRequestOnChannel; SND_fn_lSendSoundRequestOnChannelWithFadeIn; SND_fn_lSendSoundRequestWithFadeIn; SND_fn_lStriCmp; SND_fn_lStrLwr; SND_fn_pCreateCoordinateM; SND_fn_pCreateEffectGraphListM; SND_fn_pCreateEffectGraphM; SND_fn_pCreateEventM; SND_fn_pCreateMultiLayerElementListM; SND_fn_pCreateMultiLayerElementM; SND_fn_pCreateMultiTrackElementM; SND_fn_pCreateRandomElementM; SND_fn_pCreateResM; SND_fn_pCreateSequenceElement; SND_fn_pCreateSwitchElementM; SND_fn_pCreateThemePart; SND_fn_pCreateThemePartOutro; SND_fn_pGetBinEvent; SND_fn_pGetBinRes; SND_fn_pstGetResFromEdIdSnd; SND_fn_pvGetDirectSound8Object; SND_fn_szGetCurrentLangDirectory; SND_fn_szGetSoftDirectory; SND_fn_ucPositionToDolby; SND_fn_ucPositionToPan; SND_fn_ulGetEditorIdFromSoundEventHandle; SND_fn_ulGetEditorIdFromSoundEventName; SND_fn_ulGetListOfSoundEventGroupName; SND_fn_ulGetListOfSoundEventNameInGroup; SND_fn_ulGetNbHWVoiceSxd; SND_fn_ulGetNumberOfEvents; SND_fn_ulGetNumberOfPartialDirectory; SND_fn_ulGetNumberOfSoundEventGroup; SND_fn_ulGetNumberOfSoundEventInGroup; SND_fn_uwGetResourceNbChannelSxd; SND_fn_vAddPartialDirectory; SND_fn_vAnalyzeScriptFile; SND_fn_vChangeVolumeAllSoundObjects; SND_fn_vChangeVolumeAllSoundObjectsButOne; SND_fn_vChangeVolumeAllSoundObjectTypes; SND_fn_vChangeVolumeAllSoundObjectTypesButOne; SND_fn_vChangeVolumeMTTChannelTrack; SND_fn_vChangeVolumeSoundObject; SND_fn_vChangeVolumeSoundObjectType; SND_fn_vConvertResDiskToMemSxd; SND_fn_vCopyCoordinateM; SND_fn_vCopyEffectGraphM; SND_fn_vCopyEventM; SND_fn_vCopyMultiLayerElementM; SND_fn_vCopyMultiTrackElementM; SND_fn_vCopyRandomElementM; SND_fn_vCopyResM; SND_fn_vCopySequenceElement; SND_fn_vCopySwitchElementM; SND_fn_vCopyThemePart; SND_fn_vCopyThemePartOutro; SND_fn_vDeleteBufferSxd; SND_fn_vDesInitSound; SND_fn_vDesInitSxd; SND_fn_vDesInitThreadSnd; SND_fn_vDestroyAllSoundMicros; SND_fn_vDestroyClientBuffer; SND_fn_vDestroyCoordinateM; SND_fn_vDestroyEffectGraphM; SND_fn_vDestroyEventM; SND_fn_vDestroyMicroSxd; SND_fn_vDestroyMultiLayerElementM; SND_fn_vDestroyMultiTrackElementM; SND_fn_vDestroyRandomElementM; SND_fn_vDestroyResM; SND_fn_vDestroySequenceElement; SND_fn_vDestroySoundEvent; SND_fn_vDestroySoundMicro; SND_fn_vDestroySwitchElementM; SND_fn_vDestroyThemePart; SND_fn_vDestroyThemePartOutro; SND_fn_vDestroyTimer; SND_fn_vDisableEventLogGeneration; SND_fn_vDisableHardwareAcceleration; SND_fn_vEnableEventLogGeneration; SND_fn_vEnterCriticalSectionForErrorDisplay; SND_fn_vEnterCriticalSectionThreadSnd_; SND_fn_vExternalInitScriptSound; SND_fn_vFlushQueueBuffersSxd; SND_fn_vGetDefaultRollOff; SND_fn_vGetHModuleDbg; SND_fn_vGetSoundEngineVersion; SND_fn_vGetSoundObjectInfo; SND_fn_vInitCallbacks; SND_fn_vInitThreadSnd; SND_fn_vKillAllSoundObjects; SND_fn_vKillAllSoundObjectsWithFade; SND_fn_vKillAllSoundObjectTypes; SND_fn_vKillAllSoundObjectTypesButOne; SND_fn_vKillAllSoundObjectTypesButOneWithFade; SND_fn_vKillAllSoundObjectTypesWithFade; SND_fn_vKillSoundChannel; SND_fn_vKillSoundObject; SND_fn_vKillSoundObjectWithFade; SND_fn_vMouchardThreadsnd; SND_fn_vParam3Dto2D; SND_fn_vPauseAllSoundObjectTypes; SND_fn_vPauseAllSoundObjectTypesButOne; SND_fn_vPauseBufferSxd; SND_fn_vPauseClientBuffer; SND_fn_vPauseSoundObject; SND_fn_vPauseSoundObjectType; SND_fn_vPauseSxd; SND_fn_vPauseTimer; SND_fn_vPauseTransitionSxd; SND_fn_vProduitVectorSnd; SND_fn_vPurgeAllDirectories; SND_fn_vQuitCriticalSectionForErrorDisplay; SND_fn_vQuitCriticalSectionThreadSnd; SND_fn_vRegisterAnlCallback; SND_fn_vReleaseDriverSxd; SND_fn_vReleaseSoundDriver; SND_fn_vReloadDataSnd; SND_fn_vRemovePartialDirectory; SND_fn_vResetTimer; SND_fn_vResetVolumeAllSoundObjects; SND_fn_vResetVolumeAllSoundObjectsButOne; SND_fn_vResetVolumeAllSoundObjectTypes; SND_fn_vResetVolumeAllSoundObjectTypesButOne; SND_fn_vResetVolumeSoundObject; SND_fn_vResetVolumeSoundObjectType; SND_fn_vResolveFileName; SND_fn_vRestoreDriverSxd; SND_fn_vRestoreSoundDriver; SND_fn_vResumeAllSoundObjectTypes; SND_fn_vResumeAllSoundObjectTypesButOne; SND_fn_vResumeBufferSxd; SND_fn_vResumeClientBuffer; SND_fn_vResumeSoundObject; SND_fn_vResumeSoundObjectType; SND_fn_vResumeSxd; SND_fn_vResumeTimer; SND_fn_vResumeTransitionSxd; SND_fn_vSetCurrentLangDirectory; SND_fn_vSetCurrentLanguage; SND_fn_vSetDefaultRollOff; SND_fn_vSetDefaultRollOffSxd; SND_fn_vSetDefaultSoundRollOff; SND_fn_vSetDopplerFactor; SND_fn_vSetDopplerFactorSxd; SND_fn_vSetEffectSxd; SND_fn_vSetHRTFOption; SND_fn_vSetMasterDirectory; SND_fn_vSetMicroParamSxd; SND_fn_vSetNbVoiceWishedSound; SND_fn_vSetNbVoiceWishedSxd; SND_fn_vSetOptions; SND_fn_vSetParamBufferSxd; SND_fn_vSetParamClientBuffer; SND_fn_vSetPosSoundRequest; SND_fn_vSetPosSxd; SND_fn_vSetRefreshFunc; SND_fn_vSetRetInfoSoundObjectType; SND_fn_vSetRetRollOffSoundObjectType; SND_fn_vSetRetSoundChannelType; SND_fn_vSetRetSoundMicros; SND_fn_vSetRetSoundObjectType; SND_fn_vSetSoftDirectory; SND_fn_vSetSoundDopplerFactor; SND_fn_vSetSoundEffect; SND_fn_vSetSoundVolumeLine; SND_fn_vSetStereoSound; SND_fn_vSetStereoSxd; SND_fn_vSndRealTwinToSndReal; SND_fn_vStartIndexFadeSxd; SND_fn_vStopBeforeUnLoadResSnd; SND_fn_vStopEventBeforeUnloadSound; SND_fn_vStopSoundRequest; SND_fn_vStopSoundRequestWithFade; SND_fn_vStopSxd; SND_fn_vStopTransitionSxd; SND_fn_vStrncpy; SND_fn_vSynchroSound; SND_fn_vSynchroSxd; SND_fn_vSynchroTimer; SND_fn_vUnLoadResSnd; SND_fn_vUnLoadResSxd; SND_fn_vUnRegisterAllAnlCallback; SND_fn_vUnRegisterAnlCallback; SND_fn_vVolPanToVolLR; SND_fn_vWaitForValueThreadSnd; SND_Is_SSE_Supported","","NO"
"C:\Users\danpo\Desktop\rvs\src\SNDext\Src\SNDext.cpp","SNDext.cpp","SNDext","33","10","_snd_assert; _snd_assert_message; DllMain; SND_fn_iSoundDriverBusy; SND_fn_vDesInitErrorSnd; SND_fn_vDesInitMallocSnd; SND_fn_vDesInitStreamAsyncSnd; SND_fn_vDisplayError; SND_fn_vDisplayErrorEx; SND_fn_vInitErrorSnd","","NO"
"C:\Users\danpo\Desktop\rvs\src\Window\Src\Window.cpp","Window.cpp","Window","6","1","UWindowManager::Tick","UWindowManager::Tick","YES"
"C:\Users\danpo\Desktop\rvs\src\WinDrv\Src\WinDrv.cpp","WinDrv.cpp","WinDrv","56","7","UViewport; UWindowsClient::NotifyDestroy; UWindowsClient::StaticConstructor; UWindowsViewport::CheckCD; Viewport; Viewport; Viewport","Viewport","YES"
